id,player_name,position,r0_score,starting_price,hidden_price,breakeven,breakeven_to_hit_hidden_price
1028515,Jagga Smith,MID,82,230000,280000,-75,-16
1028493,Lachie Jaques,DEF,76,230000,275000,-65,-12
1029301,Leonardo Lombard,FWD,75,230000,274000,-63,-11
1017091,Jai Serong,DEF,72,274000,312000,-47,-2
1013233,Jack Carroll,MID,78,332000,370000,-41,4
1020621,Michael Sellwood,DEF,61,230000,262000,-40,-2
1034411,Ty Gallop,FWD,64,263000,295000,-36,1
990609,Charlie Cameron,FWD,109,559000,604000,-33,20
1032650,Zane Zakostelsky,DEF/RUC,54,230000,256000,-28,3
1012805,Tanner Bruhn,MID,98,517000,557000,-27,21
1008454,Connor Budarick,FWD,94,506000,543000,-22,21
994295,Dan Houston,DEF,120,701000,744000,-15,36
1032042,Phoenix Gothard,FWD,46,230000,249000,-15,8
992010,Brayden Maynard,DEF,119,696000,738000,-14,36
293884,Jake Stringer,FWD,97,561000,596000,-13,28
991773,Billy Frampton,DEF,79,445000,474000,-13,21
1032629,Joe Fonti,DEF,90,521000,553000,-11,26
1014026,Kai Lohmann,FWD,84,486000,516000,-11,25
1015515,Oscar Adams,DEF,44,260000,275000,-4,14
1000887,Mitch Lewis,FWD,67,420000,441000,0,25
291548,Ryan Lester,DEF,95,601000,631000,1,36
1008089,Isaac Quaynor,DEF,95,630000,658000,8,41
1029456,Cooper Hynes,FWD,38,267000,275000,9,19
1033084,Harry Dean,DEF,48,342000,354000,11,25
1009317,Bruce Reville,MID,66,461000,478000,12,32
1027501,Roan Steele,MID,53,381000,394000,12,28
1011936,Justin McInerney,MID/FWD,122,824000,858000,15,55
1020097,Ashton Moir,FWD,59,426000,440000,15,31
1027033,Ethan Read,FWD,62,453000,467000,17,33
1023473,Nick Watson,FWD,72,523000,540000,18,38
1009260,Sam Flanders,FWD,100,716000,741000,22,52
1003130,Patrick Lipinski,MID/FWD,98,702000,726000,22,50
1029297,Zeke Uwland,DEF/MID,42,346000,352000,22,29
298290,Marc Pittonet,RUC,92,671000,693000,24,49
1005054,Josh Daicos,DEF,141,988000,1025000,25,69
1000860,Lachie Schultz,FWD,112,804000,832000,25,58
998103,Oliver Florent,MID,85,629000,648000,25,47
1017396,Mac Andrew,DEF,78,587000,604000,25,45
1012873,Wil Parker,DEF,33,302000,304000,25,28
1006059,Keidean Coleman,DEF,73,559000,574000,26,44
1005986,Malcolm Rosas,FWD,40,350000,354000,26,31
1027925,Harvey Thomas,FWD,68,537000,549000,29,43
1008123,Jake Riccardi,RUC/FWD,95,715000,736000,30,55
1028019,Logan Morris,FWD,78,605000,620000,30,48
298524,Lachie Weller,MID,71,571000,583000,33,47
1029030,Josaia Delana,FWD,13,232000,230000,33,31
1023270,Marcus Windhager,MID,116,860000,886000,34,64
1012860,Oliver Henry,FWD,48,430000,434000,34,39
1020586,Arthur Jones,MID/FWD,31,327000,327000,34,34
1004757,Beau McCreery,FWD,68,568000,578000,37,48
295446,Sam Collins,DEF,64,544000,552000,37,47
1023346,Liam Reidy,RUC/FWD,40,394000,395000,37,38
1027877,Connor O'Sullivan,DEF,73,603000,614000,38,51
998114,Jack Scrimshaw,DEF,67,564000,573000,38,48
1021122,Harry Rowston,MID,63,544000,552000,38,48
1013230,Logan McDonald,FWD,45,432000,434000,39,41
992351,Bailey Williams,DEF/MID,103,805000,825000,40,64
1027921,Max Gruzewski,FWD,33,361000,359000,40,38
998205,Harry Perryman,DEF,80,660000,672000,41,55
1032108,Cooper Lord,MID,76,630000,640000,41,53
1008091,Joel Amartey,FWD,59,534000,539000,43,49
261224,Dayne Zorko,DEF,142,1065000,1096000,44,81
1025034,Oliver Dempsey,MID,94,763000,779000,44,63
1008280,Ed Richards,MID,133,1014000,1042000,45,78
1023500,Bailey Humphrey,MID/FWD,86,717000,730000,45,61
1010708,Sam Butler,MID/FWD,50,489000,490000,46,47
1000981,Daniel Rioli,DEF,90,747000,761000,47,63
1007102,Mark O'Connor,DEF,79,676000,686000,47,59
1017057,Campbell Chesser,MID,60,555000,559000,47,51
298210,Christian Petracca,MID/FWD,121,948000,971000,48,75
1008224,Riley Bice,DEF,65,595000,6e+05,49,55
296422,Callum Wilkie,DEF,104,846000,863000,50,70
291969,Stephen Coniglio,MID,94,783000,797000,50,66
1027790,Hugo Garcia,MID,79,687000,696000,50,60
1002222,James Worpel,MID,92,775000,788000,51,66
1001028,Jack Silvagni,DEF,77,680000,688000,51,61
1020137,Mattaes Phillipou,FWD,66,610000,615000,51,56
1004385,Oscar Allen,FWD,52,522000,522000,51,51
1027875,Darcy Wilson,MID/FWD,75,668000,675000,52,60
1009708,Jack Buckley,DEF,60,579000,581000,53,55
993917,Ben Long,FWD,70,652000,657000,55,61
1020339,Angus Sheldrick,MID,70,651000,656000,55,60
1023537,Jhye Clark,MID,38,451000,446000,55,49
1017094,Connor Macdonald,FWD,79,714000,721000,57,65
1004938,Gryan Miers,FWD,121,984000,1004000,58,81
295584,Bradley Hill,MID/FWD,89,782000,792000,58,69
997100,Will Hayward,FWD,58,585000,585000,58,58
1021103,Mitch Knevitt,MID,43,495000,491000,58,53
1000072,John Noble,DEF,115,953000,971000,59,80
1032966,James O'Donnell,DEF,40,480000,474000,59,52
1020855,Max Hall,FWD,74,694000,698000,60,65
998130,Ben Ainsworth,FWD,60,615000,615000,61,61
1013268,Alex Davies,MID,60,611000,611000,61,61
997316,Lewis Young,DEF,41,493000,487000,61,54
1002227,Jack Higgins,FWD,48,545000,541000,62,58
1023272,Mitch Owens,FWD,62,633000,633000,63,63
1009241,Brodie Kemp,FWD,56,594000,592000,63,60
1013409,James Jordon,MID,56,597000,595000,63,61
1006126,James Rowbottom,MID,92,824000,833000,64,74
996059,Harris Andrews,DEF,64,653000,653000,65,65
1013257,Sam Clohesy,MID,64,652000,652000,65,65
293535,Lachie Neale,MID,117,992000,1008000,66,85
998134,Josh Battle,DEF,77,737000,740000,66,70
1018018,Cooper Sharman,FWD,65,667000,667000,66,66
1007881,Wil Powell,DEF,69,701000,701000,69,69
296269,Darcy Gardiner,DEF,27,437000,424000,69,54
298272,Touk Miller,MID,109,955000,967000,70,84
260257,Scott Pendlebury,MID,101,908000,918000,70,82
297566,James Sicily,DEF,89,830000,836000,70,77
1012862,Elijah Hollands,FWD,63,668000,666000,70,68
1022915,Edward Allan,MID,38,508000,498000,70,58
293871,Jack Crisp,MID,97,883000,891000,71,80
996731,Charlie Curnow,FWD,66,690000,689000,71,70
994077,Mabior Chol,FWD,56,627000,623000,71,66
1008198,Tom McCartin,DEF,49,583000,576000,71,63
990740,Rory Lobb,DEF,48,578000,571000,71,63
1023261,Nick Daicos,MID,136,1134000,1154000,72,96
1013128,Errol Gulden,MID,126,1073000,1090000,72,92
1012857,Jack Ginnivan,FWD,82,790000,793000,72,75
993832,Jacob Weitering,DEF,58,645000,641000,72,67
994386,Tom Atkins,MID,102,921000,930000,73,83
297255,Mitch McGovern,DEF,59,657000,653000,73,69
1006144,Ben King,FWD,39,528000,518000,73,61
298280,Jayden Laverde,DEF,64,689000,686000,74,71
1006127,Rhylee West,FWD,64,688000,685000,74,70
1008855,Oskar Baker,DEF/MID,48,590000,582000,74,65
994389,Jack Sinclair,DEF,122,1057000,1072000,75,92
1001398,Matthew Kennedy,MID,115,1013000,1026000,75,90
1029148,Hugh Boxshall,MID,46,576000,567000,75,64
1005992,Joel Jeffrey,DEF,80,794000,795000,76,77
990290,Tom Barrass,DEF,22,432000,415000,76,56
998133,Jarrod Berry,MID,94,892000,897000,78,84
1017665,Bodhi Uwland,DEF,57,662000,656000,78,71
1009229,Sam De Koning,DEF,45,586000,576000,78,66
998782,Buku Khamis,DEF/FWD,32,501000,487000,78,61
290307,Dane Rampe,DEF,44,582000,571000,79,66
1000963,Harry Morrison,MID,69,744000,741000,80,76
994185,Jordan De Goey,MID/FWD,79,812000,812000,81,81
1008436,Kieren Briggs,RUC,67,738000,734000,81,77
1026960,Will Graham,FWD,42,578000,566000,81,67
996743,Lewis Melican,DEF,27,483000,466000,81,61
298211,Darcy Fort,RUC,65,726000,721000,82,76
1024982,Oisin Mullin,DEF/MID,28,489000,472000,82,62
1030433,Alixzander Tauru,DEF,20,442000,423000,82,59
1023517,Will Ashcroft,MID,109,1002000,1009000,83,92
1017067,Darcy Wilmot,DEF,82,835000,835000,83,83
294685,Zac Williams,FWD,50,643000,632000,85,72
1009392,Jack Buller,FWD,24,481000,462000,85,63
1004870,Zach Guthrie,DEF,75,805000,802000,86,82
1017110,Josh Ward,MID,73,796000,792000,87,82
1013464,Lawson Humphries,DEF,63,740000,732000,89,80
1000937,Jack Henry,DEF,45,632000,618000,90,74
294596,Tim Membrey,FWD,31,543000,525000,90,69
1028560,Levi Ashcroft,MID,68,781000,774000,91,83
296733,Mark Blicavs,RUC,62,744000,735000,91,81
1013996,Jordan Croft,FWD,20,478000,456000,91,65
1006094,Sam Walsh,MID,99,977000,979000,92,94
1004912,Tom De Koning,RUC,84,889000,887000,92,90
1006232,Sam Wicks,DEF,37,587000,570000,92,72
1009421,Finn Maginness,FWD,25,513000,492000,92,67
296324,Jesse Hogan,FWD,52,685000,672000,93,78
1002228,Lachie Fogarty,FWD,36,584000,566000,93,72
1023784,Anthony Caminiti,DEF,33,564000,545000,93,70
1012210,Matt Roberts,DEF,80,868000,864000,94,89
295344,Toby Greene,FWD,77,850000,845000,94,88
1002404,Aaron Naughton,FWD,62,753000,743000,94,82
1000864,Lachlan Bramble,DEF,53,696000,683000,94,79
990291,Darcy Cameron,RUC,112,1070000,1075000,95,101
1023495,Oliver Hollands,DEF,69,799000,791000,95,85
1015777,Ryan Angwin,MID,52,695000,682000,95,79
993794,Blake Hardwick,DEF,46,658000,643000,95,77
291800,Tom Stewart,DEF,75,844000,838000,96,89
1014038,Callum Brown,FWD,37,607000,588000,97,75
1006135,Xavier O'Halloran,MID,36,603000,584000,97,75
1015889,Max Holmes,MID,108,1059000,1062000,98,102
996701,Clayton Oliver,MID,89,941000,939000,98,95
296254,Jarman Impey,DEF,68,810000,801000,98,88
1008083,Connor Idun,DEF,61,763000,752000,98,85
293801,Jamie Elliott,FWD,53,711000,697000,98,81
1004364,Liam Ryan,FWD,35,599000,579000,98,75
1020895,Jai Newcombe,MID,83,907000,902000,99,94
1023708,Jaspa Fletcher,DEF,77,871000,864000,100,92
291351,Jack Gunston,FWD,62,777000,765000,100,86
1016433,Shannon Neale,FWD,40,643000,624000,101,79
999715,Jy Farrar,FWD,28,565000,542000,101,74
1017124,Ned Long,MID,66,808000,797000,102,89
1007124,Conor Nash,MID,61,777000,764000,102,87
996765,Tom Papley,FWD,41,650000,631000,102,79
297504,Daniel McStay,FWD,32,593000,571000,102,76
298539,Isaac Heeney,MID,98,1016000,1015000,103,102
993107,Harry Himmelberg,DEF,66,820000,808000,105,91
1009199,Noah Anderson,MID,100,1044000,1042000,107,105
1027704,Joel Freijah,MID/FWD,53,748000,731000,107,87
295340,Mason Wood,MID/FWD,48,721000,702000,109,86
1002235,Cam Rayner,FWD,49,736000,717000,110,88
1027935,Josh Weddle,DEF,49,731000,712000,110,87
1012014,Chad Warner,MID,76,924000,912000,115,101
1005144,Massimo D'Ambrosio,MID,47,739000,718000,115,90
1002312,Zac Bailey,MID/FWD,68,876000,861000,116,98
293957,Brodie Grundy,RUC,106,1122000,1119000,117,114
999326,Brad Close,FWD,18,566000,535000,117,81
1036123,Sam Davidson,MID,38,693000,668000,118,88
1017126,Sam Darcy,FWD,63,863000,845000,121,100
291975,Jarrod Witts,RUC,79,969000,956000,122,106
1004592,Tim English,RUC,108,1162000,1157000,125,119
290799,Tom Liberatore,MID,88,1044000,1032000,127,113
1023266,Finn Callaghan,MID,86,1038000,1025000,128,113
295342,Jake Lloyd,MID,62,883000,862000,128,103
1006028,Nick Blakey,DEF,61,892000,870000,131,106
1000953,Harry McKay,FWD,49,821000,795000,133,102
296190,Jack Martin,FWD,40,766000,737000,133,99
295461,Adam Saad,DEF,30,703000,670000,134,95
1009253,Lachie Ash,DEF,84,1050000,1034000,135,116
993905,Callum Mills,DEF,67,944000,923000,135,110
996708,Bailey Dale,DEF,69,965000,944000,137,112
1000980,Lloyd Meek,RUC,70,978000,956000,139,114
294305,Lachie Whitfield,DEF,87,1104000,1086000,144,123
294036,George Hewett,MID,75,1037000,1015000,146,120
990704,Patrick Cripps,MID,57,931000,902000,149,114
297373,Marcus Bontempelli,MID,92,1167000,1148000,152,130
297354,Karl Amon,DEF,54,930000,899000,153,116
1006314,Dylan Moore,FWD,43,858000,823000,153,112
993878,Shaun Mannagh,FWD,52,924000,892000,154,117
280965,Steele Sidebottom,MID,49,905000,872000,154,115
295467,Jack Macrae,MID,53,954000,920000,161,121
993834,Josh Dunkley,MID,73,1128000,1096000,174,136
1015507,Nasiah Wanganeen-Milera,DEF,73,1163000,1128000,183,142
1006130,Bailey Smith,MID,80,1220000,1187000,185,146
992468,Rowan Marshall,RUC,28,1110000,1042000,243,162
1000978,Hugh McCluggage,MID,20,1072000,1e+06,246,161
