id,player_name,team,position,r0_score,starting_price,hidden_price,breakeven,breakeven_to_hit_hidden_price
261224,Dayne Zorko,BRL,DEF,142,1065000,1096000,44,81
1005054,Josh Daicos,COL,DEF,141,988000,1025000,25,69
1023261,Nick Daicos,COL,MID,136,1134000,1154000,72,96
1008280,Ed Richards,WBD,MID,133,1014000,1042000,45,78
1013128,Errol Gulden,SYD,MID,126,1073000,1090000,72,92
994389,Jack Sinclair,STK,DEF,122,1057000,1072000,75,92
1011936,Justin McInerney,SYD,MID/FWD,122,824000,858000,15,55
298210,Christian Petracca,GCS,MID/FWD,121,948000,971000,48,75
1004938,Gryan Miers,GEE,FWD,121,984000,1004000,58,81
994295,Dan Houston,COL,DEF,120,701000,744000,-15,36
992010,Brayden Maynard,COL,DEF,119,696000,738000,-14,36
293535,Lachie Neale,BRL,MID,117,992000,1008000,66,85
1023270,Marcus Windhager,STK,MID,116,860000,886000,34,64
1000072,John Noble,GCS,DEF,115,953000,971000,59,80
1001398,Matthew Kennedy,WBD,MID,115,1013000,1026000,75,90
990291,Darcy Cameron,COL,RUC,112,1070000,1075000,95,101
1000860,Lachie Schultz,COL,FWD,112,804000,832000,25,58
298272,Touk Miller,GCS,MID,109,955000,967000,70,84
990609,Charlie Cameron,BRL,FWD,109,559000,604000,-33,20
1023517,Will Ashcroft,BRL,MID,109,1002000,1009000,83,92
1004592,Tim English,WBD,RUC,108,1162000,1157000,125,119
1015889,Max Holmes,GEE,MID,108,1059000,1062000,98,102
293957,Brodie Grundy,SYD,RUC,106,1122000,1119000,117,114
296422,Callum Wilkie,STK,DEF,104,846000,863000,50,70
992351,Bailey Williams,WBD,DEF/MID,103,805000,825000,40,64
994386,Tom Atkins,GEE,MID,102,921000,930000,73,83
260257,Scott Pendlebury,COL,MID,101,908000,918000,70,82
1009199,Noah Anderson,GCS,MID,100,1044000,1042000,107,105
1009260,Sam Flanders,STK,FWD,100,716000,741000,22,52
1006094,Sam Walsh,CAR,MID,99,977000,979000,92,94
298539,Isaac Heeney,SYD,MID,98,1016000,1015000,103,102
1003130,Patrick Lipinski,COL,MID/FWD,98,702000,726000,22,50
1012805,Tanner Bruhn,GEE,MID,98,517000,557000,-27,21
293871,Jack Crisp,COL,MID,97,883000,891000,71,80
293884,Jake Stringer,GWS,FWD,97,561000,596000,-13,28
291548,Ryan Lester,BRL,DEF,95,601000,631000,1,36
1008089,Isaac Quaynor,COL,DEF,95,630000,658000,8,41
1008123,Jake Riccardi,GWS,RUC/FWD,95,715000,736000,30,55
291969,Stephen Coniglio,GWS,MID,94,783000,797000,50,66
998133,Jarrod Berry,BRL,MID,94,892000,897000,78,84
1008454,Connor Budarick,WBD,FWD,94,506000,543000,-22,21
1025034,Oliver Dempsey,GEE,MID,94,763000,779000,44,63
297373,Marcus Bontempelli,WBD,MID,92,1167000,1148000,152,130
298290,Marc Pittonet,CAR,RUC,92,671000,693000,24,49
1002222,James Worpel,GEE,MID,92,775000,788000,51,66
1006126,James Rowbottom,SYD,MID,92,824000,833000,64,74
1000981,Daniel Rioli,GCS,DEF,90,747000,761000,47,63
1032629,Joe Fonti,GWS,DEF,90,521000,553000,-11,26
295584,Bradley Hill,STK,MID/FWD,89,782000,792000,58,69
297566,James Sicily,HAW,DEF,89,830000,836000,70,77
996701,Clayton Oliver,GWS,MID,89,941000,939000,98,95
290799,Tom Liberatore,WBD,MID,88,1044000,1032000,127,113
294305,Lachie Whitfield,GWS,DEF,87,1104000,1086000,144,123
1023266,Finn Callaghan,GWS,MID,86,1038000,1025000,128,113
1023500,Bailey Humphrey,GCS,MID/FWD,86,717000,730000,45,61
998103,Oliver Florent,CAR,MID,85,629000,648000,25,47
1004912,Tom De Koning,STK,RUC,84,889000,887000,92,90
1009253,Lachie Ash,GWS,DEF,84,1050000,1034000,135,116
1014026,Kai Lohmann,BRL,FWD,84,486000,516000,-11,25
1020895,Jai Newcombe,HAW,MID,83,907000,902000,99,94
1012857,Jack Ginnivan,HAW,FWD,82,790000,793000,72,75
1017067,Darcy Wilmot,BRL,DEF,82,835000,835000,83,83
1028515,Jagga Smith,CAR,MID,82,230000,280000,-75,-16
998205,Harry Perryman,COL,DEF,80,660000,672000,41,55
1005992,Joel Jeffrey,GCS,DEF,80,794000,795000,76,77
1006130,Bailey Smith,GEE,MID,80,1220000,1187000,185,146
1012210,Matt Roberts,SYD,DEF,80,868000,864000,94,89
291975,Jarrod Witts,GCS,RUC,79,969000,956000,122,106
991773,Billy Frampton,COL,DEF,79,445000,474000,-13,21
994185,Jordan De Goey,COL,MID/FWD,79,812000,812000,81,81
1007102,Mark O'Connor,GEE,DEF,79,676000,686000,47,59
1017094,Connor Macdonald,HAW,FWD,79,714000,721000,57,65
1027790,Hugo Garcia,STK,MID,79,687000,696000,50,60
1013233,Jack Carroll,STK,MID,78,332000,370000,-41,4
1017396,Mac Andrew,GCS,DEF,78,587000,604000,25,45
1028019,Logan Morris,BRL,FWD,78,605000,620000,30,48
295344,Toby Greene,GWS,FWD,77,850000,845000,94,88
998134,Josh Battle,HAW,DEF,77,737000,740000,66,70
1001028,Jack Silvagni,STK,DEF,77,680000,688000,51,61
1023708,Jaspa Fletcher,BRL,DEF,77,871000,864000,100,92
1012014,Chad Warner,SYD,MID,76,924000,912000,115,101
1028493,Lachie Jaques,WBD,DEF,76,230000,275000,-65,-12
1032108,Cooper Lord,CAR,MID,76,630000,640000,41,53
291800,Tom Stewart,GEE,DEF,75,844000,838000,96,89
294036,George Hewett,CAR,MID,75,1037000,1015000,146,120
1004870,Zach Guthrie,GEE,DEF,75,805000,802000,86,82
1027875,Darcy Wilson,STK,MID/FWD,75,668000,675000,52,60
1029301,Leonardo Lombard,GCS,FWD,75,230000,274000,-63,-11
1020855,Max Hall,STK,FWD,74,694000,698000,60,65
993834,Josh Dunkley,BRL,MID,73,1128000,1096000,174,136
1006059,Keidean Coleman,BRL,DEF,73,559000,574000,26,44
1015507,Nasiah Wanganeen-Milera,STK,DEF,73,1163000,1128000,183,142
1017110,Josh Ward,HAW,MID,73,796000,792000,87,82
1027877,Connor O'Sullivan,GEE,DEF,73,603000,614000,38,51
1017091,Jai Serong,SYD,DEF,72,274000,312000,-47,-2
1023473,Nick Watson,HAW,FWD,72,523000,540000,18,38
298524,Lachie Weller,GCS,MID,71,571000,583000,33,47
993917,Ben Long,GCS,FWD,70,652000,657000,55,61
1000980,Lloyd Meek,HAW,RUC,70,978000,956000,139,114
1020339,Angus Sheldrick,SYD,MID,70,651000,656000,55,60
996708,Bailey Dale,WBD,DEF,69,965000,944000,137,112
1000963,Harry Morrison,HAW,MID,69,744000,741000,80,76
1007881,Wil Powell,GCS,DEF,69,701000,701000,69,69
1023495,Oliver Hollands,CAR,DEF,69,799000,791000,95,85
296254,Jarman Impey,HAW,DEF,68,810000,801000,98,88
1002312,Zac Bailey,BRL,MID/FWD,68,876000,861000,116,98
1004757,Beau McCreery,COL,FWD,68,568000,578000,37,48
1027925,Harvey Thomas,GWS,FWD,68,537000,549000,29,43
1028560,Levi Ashcroft,BRL,MID,68,781000,774000,91,83
993905,Callum Mills,SYD,DEF,67,944000,923000,135,110
998114,Jack Scrimshaw,HAW,DEF,67,564000,573000,38,48
1000887,Mitch Lewis,HAW,FWD,67,420000,441000,0,25
1008436,Kieren Briggs,GWS,RUC,67,738000,734000,81,77
993107,Harry Himmelberg,GWS,DEF,66,820000,808000,105,91
996731,Charlie Curnow,SYD,FWD,66,690000,689000,71,70
1009317,Bruce Reville,BRL,MID,66,461000,478000,12,32
1017124,Ned Long,COL,MID,66,808000,797000,102,89
1020137,Mattaes Phillipou,STK,FWD,66,610000,615000,51,56
298211,Darcy Fort,BRL,RUC,65,726000,721000,82,76
1008224,Riley Bice,SYD,DEF,65,595000,6e+05,49,55
1018018,Cooper Sharman,STK,FWD,65,667000,667000,66,66
295446,Sam Collins,GCS,DEF,64,544000,552000,37,47
298280,Jayden Laverde,GWS,DEF,64,689000,686000,74,71
996059,Harris Andrews,BRL,DEF,64,653000,653000,65,65
1006127,Rhylee West,WBD,FWD,64,688000,685000,74,70
1013257,Sam Clohesy,GCS,MID,64,652000,652000,65,65
1034411,Ty Gallop,BRL,FWD,64,263000,295000,-36,1
1012862,Elijah Hollands,CAR,FWD,63,668000,666000,70,68
1013464,Lawson Humphries,GEE,DEF,63,740000,732000,89,80
1017126,Sam Darcy,WBD,FWD,63,863000,845000,121,100
1021122,Harry Rowston,GWS,MID,63,544000,552000,38,48
291351,Jack Gunston,HAW,FWD,62,777000,765000,100,86
295342,Jake Lloyd,SYD,MID,62,883000,862000,128,103
296733,Mark Blicavs,GEE,RUC,62,744000,735000,91,81
1002404,Aaron Naughton,WBD,FWD,62,753000,743000,94,82
1023272,Mitch Owens,STK,FWD,62,633000,633000,63,63
1027033,Ethan Read,GCS,FWD,62,453000,467000,17,33
1006028,Nick Blakey,SYD,DEF,61,892000,870000,131,106
1007124,Conor Nash,HAW,MID,61,777000,764000,102,87
1008083,Connor Idun,GWS,DEF,61,763000,752000,98,85
1020621,Michael Sellwood,WBD,DEF,61,230000,262000,-40,-2
998130,Ben Ainsworth,CAR,FWD,60,615000,615000,61,61
1009708,Jack Buckley,GWS,DEF,60,579000,581000,53,55
1013268,Alex Davies,GCS,MID,60,611000,611000,61,61
1017057,Campbell Chesser,CAR,MID,60,555000,559000,47,51
297255,Mitch McGovern,CAR,DEF,59,657000,653000,73,69
1008091,Joel Amartey,SYD,FWD,59,534000,539000,43,49
1020097,Ashton Moir,CAR,FWD,59,426000,440000,15,31
993832,Jacob Weitering,CAR,DEF,58,645000,641000,72,67
997100,Will Hayward,CAR,FWD,58,585000,585000,58,58
990704,Patrick Cripps,CAR,MID,57,931000,902000,149,114
1017665,Bodhi Uwland,GCS,DEF,57,662000,656000,78,71
994077,Mabior Chol,HAW,FWD,56,627000,623000,71,66
1009241,Brodie Kemp,CAR,FWD,56,594000,592000,63,60
1013409,James Jordon,SYD,MID,56,597000,595000,63,61
297354,Karl Amon,HAW,DEF,54,930000,899000,153,116
1032650,Zane Zakostelsky,BRL,DEF/RUC,54,230000,256000,-28,3
293801,Jamie Elliott,COL,FWD,53,711000,697000,98,81
295467,Jack Macrae,STK,MID,53,954000,920000,161,121
1000864,Lachlan Bramble,WBD,DEF,53,696000,683000,94,79
1027501,Roan Steele,COL,MID,53,381000,394000,12,28
1027704,Joel Freijah,WBD,MID/FWD,53,748000,731000,107,87
296324,Jesse Hogan,GWS,FWD,52,685000,672000,93,78
993878,Shaun Mannagh,GEE,FWD,52,924000,892000,154,117
1004385,Oscar Allen,BRL,FWD,52,522000,522000,51,51
1015777,Ryan Angwin,GWS,MID,52,695000,682000,95,79
294685,Zac Williams,CAR,FWD,50,643000,632000,85,72
1010708,Sam Butler,HAW,MID/FWD,50,489000,490000,46,47
280965,Steele Sidebottom,COL,MID,49,905000,872000,154,115
1000953,Harry McKay,CAR,FWD,49,821000,795000,133,102
1002235,Cam Rayner,BRL,FWD,49,736000,717000,110,88
1008198,Tom McCartin,SYD,DEF,49,583000,576000,71,63
1027935,Josh Weddle,HAW,DEF,49,731000,712000,110,87
295340,Mason Wood,STK,MID/FWD,48,721000,702000,109,86
990740,Rory Lobb,WBD,DEF,48,578000,571000,71,63
1002227,Jack Higgins,STK,FWD,48,545000,541000,62,58
1008855,Oskar Baker,WBD,DEF/MID,48,590000,582000,74,65
1012860,Oliver Henry,GEE,FWD,48,430000,434000,34,39
1033084,Harry Dean,CAR,DEF,48,342000,354000,11,25
1005144,Massimo D'Ambrosio,HAW,MID,47,739000,718000,115,90
993794,Blake Hardwick,HAW,DEF,46,658000,643000,95,77
1029148,Hugh Boxshall,STK,MID,46,576000,567000,75,64
1032042,Phoenix Gothard,GWS,FWD,46,230000,249000,-15,8
1000937,Jack Henry,GEE,DEF,45,632000,618000,90,74
1009229,Sam De Koning,GEE,DEF,45,586000,576000,78,66
1013230,Logan McDonald,SYD,FWD,45,432000,434000,39,41
290307,Dane Rampe,SYD,DEF,44,582000,571000,79,66
1015515,Oscar Adams,GCS,DEF,44,260000,275000,-4,14
1006314,Dylan Moore,HAW,FWD,43,858000,823000,153,112
1021103,Mitch Knevitt,GEE,MID,43,495000,491000,58,53
1026960,Will Graham,GCS,FWD,42,578000,566000,81,67
1029297,Zeke Uwland,GCS,DEF/MID,42,346000,352000,22,29
996765,Tom Papley,SYD,FWD,41,650000,631000,102,79
997316,Lewis Young,CAR,DEF,41,493000,487000,61,54
296190,Jack Martin,GEE,FWD,40,766000,737000,133,99
1005986,Malcolm Rosas,SYD,FWD,40,350000,354000,26,31
1016433,Shannon Neale,GEE,FWD,40,643000,624000,101,79
1023346,Liam Reidy,CAR,RUC/FWD,40,394000,395000,37,38
1032966,James O'Donnell,WBD,DEF,40,480000,474000,59,52
1006144,Ben King,GCS,FWD,39,528000,518000,73,61
1022915,Edward Allan,COL,MID,38,508000,498000,70,58
1023537,Jhye Clark,GEE,MID,38,451000,446000,55,49
1029456,Cooper Hynes,WBD,FWD,38,267000,275000,9,19
1036123,Sam Davidson,WBD,MID,38,693000,668000,118,88
1006232,Sam Wicks,SYD,DEF,37,587000,570000,92,72
1014038,Callum Brown,GWS,FWD,37,607000,588000,97,75
1002228,Lachie Fogarty,CAR,FWD,36,584000,566000,93,72
1006135,Xavier O'Halloran,GWS,MID,36,603000,584000,97,75
1004364,Liam Ryan,STK,FWD,35,599000,579000,98,75
1012873,Wil Parker,COL,DEF,33,302000,304000,25,28
1023784,Anthony Caminiti,STK,DEF,33,564000,545000,93,70
1027921,Max Gruzewski,GWS,FWD,33,361000,359000,40,38
297504,Daniel McStay,COL,FWD,32,593000,571000,102,76
998782,Buku Khamis,WBD,DEF/FWD,32,501000,487000,78,61
294596,Tim Membrey,COL,FWD,31,543000,525000,90,69
1020586,Arthur Jones,WBD,MID/FWD,31,327000,327000,34,34
295461,Adam Saad,CAR,DEF,30,703000,670000,134,95
992468,Rowan Marshall,STK,RUC,28,1110000,1042000,243,162
999715,Jy Farrar,GCS,FWD,28,565000,542000,101,74
1024982,Oisin Mullin,GEE,DEF/MID,28,489000,472000,82,62
296269,Darcy Gardiner,BRL,DEF,27,437000,424000,69,54
996743,Lewis Melican,SYD,DEF,27,483000,466000,81,61
1009421,Finn Maginness,HAW,FWD,25,513000,492000,92,67
1009392,Jack Buller,COL,FWD,24,481000,462000,85,63
990290,Tom Barrass,HAW,DEF,22,432000,415000,76,56
1000978,Hugh McCluggage,BRL,MID,20,1072000,1e+06,246,161
1013996,Jordan Croft,WBD,FWD,20,478000,456000,91,65
1030433,Alixzander Tauru,STK,DEF,20,442000,423000,82,59
999326,Brad Close,GEE,FWD,18,566000,535000,117,81
1029030,Josaia Delana,GWS,FWD,13,232000,230000,33,31
270917,Patrick Dangerfield,GEE,FWD,,667000,667000,65.5214073494918,65.5214073494918
280317,Rhys Stanley,GEE,RUC,,675000,675000,66.3072713057076,66.3072713057076
280506,Taylor Walker,ADE,FWD,,645000,645000,63.3602814698984,63.3602814698984
280824,Jake Melksham,MEL,FWD,,571000,571000,56.0910398749023,56.0910398749023
281085,Steven May,MEL,DEF,,757000,757000,74.3623768569195,74.3623768569195
290246,Tom Campbell,MEL,RUC,,297000,297000,29.1751993745113,29.1751993745113
290528,Max Gawn,MEL,RUC,,1188000,1188000,116.700797498045,116.700797498045
290627,Dion Prestia,RIC,MID,,827000,827000,81.2386864738077,81.2386864738077
290778,Luke Parker,NTH,MID,,909000,909000,89.2937920250195,89.2937920250195
290826,Jamie Cripps,WCE,FWD,,610000,610000,59.9221266614543,59.9221266614543
290838,Jack Darling,NTH,FWD,,536000,536000,52.6528850664582,52.6528850664582
291313,Jeremy Howe,COL,DEF,,544000,544000,53.438749022674,53.438749022674
291533,Tom McDonald,MEL,DEF,,624000,624000,61.2973885848319,61.2973885848319
291776,Taylor Adams,SYD,FWD,,581000,581000,57.073369820172,57.073369820172
291790,Adam Treloar,WBD,MID/FWD,,946000,946000,92.9284128225176,92.9284128225176
291849,Brody Mihocek,MEL,FWD,,616000,616000,60.5115246286161,60.5115246286161
291902,Jack Viney,MEL,MID,,927000,927000,91.0619859265051,91.0619859265051
291978,Harry Cunningham,SYD,DEF,,607000,607000,59.6274276778733,59.6274276778733
292128,Elliot Yeo,WCE,MID,,667000,667000,65.5214073494918,65.5214073494918
293222,Rory Laird,ADE,DEF,,971000,971000,95.3842376856919,95.3842376856919
293581,Lincoln McCarthy,BRL,FWD,,452000,452000,44.4013135261923,44.4013135261923
293813,Tom Lynch,RIC,FWD,,551000,551000,54.1263799843628,54.1263799843628
293845,Jeremy Cameron,GEE,FWD,,877000,877000,86.1503362001564,86.1503362001564
293883,Jed Bews,GEE,DEF,,523000,523000,51.3758561376075,51.3758561376075
294318,Ollie Wines,PTA,MID,,938000,938000,92.1425488663018,92.1425488663018
294469,Aliir Aliir,PTA,DEF,,597000,597000,58.6450977326036,58.6450977326036
294508,Aidan Corr,NTH,DEF,,576000,576000,56.5822048475372,56.5822048475372
294613,Jaeger O'Meara,FRE,MID,,663000,663000,65.1284753713839,65.1284753713839
294674,Nick Vlastuin,RIC,DEF,,811000,811000,79.6669585613761,79.6669585613761
295136,Caleb Daniel,NTH,DEF,,892000,892000,87.623831118061,87.623831118061
295203,Nathan Broad,RIC,DEF,,638000,638000,62.6726505082095,62.6726505082095
295222,Joel Hamling,SYD,DEF,,348000,348000,34.185082095387,34.185082095387
295265,Nick Haynes,CAR,DEF,,794000,794000,77.9969976544175,77.9969976544175
295898,Tim Kelly,WCE,MID/FWD,,664000,664000,65.2267083659109,65.2267083659109
296205,Jack Steele,MEL,MID,,1006000,1006000,98.822392494136,98.822392494136
296291,Jake Kolodjashnij,GEE,DEF,,434000,434000,42.6331196247068,42.6331196247068
296294,Blake Acres,CAR,MID,,773000,773000,75.9341047693511,75.9341047693511
296347,Josh Kelly,GWS,MID,,848000,848000,83.3015793588741,83.3015793588741
296355,Luke McDonald,NTH,DEF,,636000,636000,62.4761845191556,62.4761845191556
296359,Christian Salem,MEL,DEF,,975000,975000,95.7771696637998,95.7771696637998
296420,Alex Neal-Bullen,ADE,FWD,,728000,728000,71.5136200156372,71.5136200156372
297456,Nick Holman,GCS,MID/FWD,,385000,385000,37.8197028928851,37.8197028928851
297523,Reilly O'Brien,ADE,RUC,,953000,953000,93.6160437842064,93.6160437842064
297899,James Harmes,WBD,MID,,701000,701000,68.8613291634089,68.8613291634089
297907,Nic Newman,CAR,DEF,,753000,753000,73.9694448788116,73.9694448788116
298174,Toby Nankervis,RIC,RUC,,956000,956000,93.9107427677873,93.9107427677873
298264,Ed Langdon,MEL,MID/FWD,,778000,778000,76.4252697419859,76.4252697419859
298268,Liam Duggan,WCE,DEF,,830000,830000,81.5333854573886,81.5333854573886
298281,Jake Lever,MEL,DEF,,553000,553000,54.3228459734167,54.3228459734167
298288,Darcy Moore,COL,DEF,,466000,466000,45.77657544957,45.77657544957
298289,Peter Wright,ESS,FWD,,776000,776000,76.228803752932,76.228803752932
298409,Alex Pearce,FRE,DEF,,482000,482000,47.3483033620016,47.3483033620016
298421,Jade Gresham,ESS,FWD,,563000,563000,55.3051759186865,55.3051759186865
298437,Callum Ah Chee,ADE,FWD,,656000,656000,64.4408444096951,64.4408444096951
298470,Shane McAdam,MEL,FWD,,326000,326000,32.0239562157936,32.0239562157936
298630,Kyle Langford,ESS,FWD,,718000,718000,70.5312900703675,70.5312900703675
990827,Jack Graham,WCE,MID/FWD,,867000,867000,85.1680062548866,85.1680062548866
990882,Wayne Milera,ADE,DEF,,756000,756000,74.2641438623925,74.2641438623925
991930,Darcy Byrne-Jones,PTA,FWD,,593000,593000,58.2521657544957,58.2521657544957
992016,Zach Merrett,ESS,MID,,1078000,1078000,105.895168100078,105.895168100078
992049,Jayden Short,RIC,DEF,,913000,913000,89.6867240031274,89.6867240031274
992059,Sam Switkowski,FRE,FWD,,578000,578000,56.7786708365911,56.7786708365911
992242,Jordan Dawson,ADE,MID,,1156000,1156000,113.557341673182,113.557341673182
992330,Jordon Sweet,PTA,RUC,,854000,854000,83.890977326036,83.890977326036
992374,Dan Butler,STK,FWD,,414000,414000,40.6684597341673,40.6684597341673
992472,Oscar McDonald,FRE,DEF,,472000,472000,46.3659734167318,46.3659734167318
993480,Dougal Howard,STK,DEF,,475000,475000,46.6606724003127,46.6606724003127
993799,Brayden Fiorini,ESS,MID,,900000,9e+05,88.4096950742768,88.4096950742768
993817,Darcy Parish,ESS,MID,,759000,759000,74.5588428459734,74.5588428459734
993820,Tom Cole,WCE,DEF,,697000,697000,68.468397185301,68.468397185301
993902,Matt Flynn,WCE,RUC,,826000,826000,81.1404534792807,81.1404534792807
993903,Jacob Hopper,RIC,MID,,884000,884000,86.8379671618452,86.8379671618452
993940,Corey Wagner,FRE,MID,,674000,674000,66.2090383111806,66.2090383111806
993946,Ben Keays,ADE,FWD,,831000,831000,81.6316184519156,81.6316184519156
993953,Eric Hipwood,BRL,FWD,,576000,576000,56.5822048475372,56.5822048475372
993979,Sam Powell-Pepper,PTA,FWD,,673000,673000,66.1108053166536,66.1108053166536
993993,Shai Bolton,FRE,MID/FWD,,734000,734000,72.1030179827991,72.1030179827991
993998,Jy Simpkin,NTH,MID/FWD,,872000,872000,85.6591712275215,85.6591712275215
996232,Matt Guelfi,ESS,FWD,,445000,445000,43.7136825645035,43.7136825645035
996554,Jake Waterman,WCE,FWD,,755000,755000,74.1659108678655,74.1659108678655
997033,Brennan Cox,FRE,DEF,,466000,466000,45.77657544957,45.77657544957
997078,Mason Redman,ESS,DEF,,900000,9e+05,88.4096950742768,88.4096950742768
997142,Peter Ladhams,SYD,RUC/FWD,,534000,534000,52.4564190774042,52.4564190774042
997230,Tyson Stengle,GEE,FWD,,647000,647000,63.5567474589523,63.5567474589523
997501,Ryan Gardner,WBD,DEF,,230000,230000,22.5935887412041,22.5935887412041
997846,Conor McKenna,BRL,FWD,,538000,538000,52.8493510555121,52.8493510555121
997933,Griffin Logue,NTH,DEF,,494000,494000,48.5270992963253,48.5270992963253
998102,Andrew McGrath,ESS,DEF,,786000,786000,77.2111336982017,77.2111336982017
998129,Will Brodie,PTA,MID,,457000,457000,44.8924784988272,44.8924784988272
998145,Sean Darcy,FRE,RUC,,674000,674000,66.2090383111806,66.2090383111806
998172,Tim Taranto,RIC,MID,,985000,985000,96.7594996090696,96.7594996090696
998180,Bailey Banfield,FRE,DEF,,556000,556000,54.6175449569977,54.6175449569977
998215,Will Setterfield,ESS,MID,,1006000,1006000,98.822392494136,98.822392494136
998260,Jack Bowes,GEE,MID,,617000,617000,60.6097576231431,60.6097576231431
998390,Changkuoth Jiath,MEL,DEF,,563000,563000,55.3051759186865,55.3051759186865
998480,Lachlan Sullivan,COL,FWD,,460000,460000,45.1871774824081,45.1871774824081
998484,Cameron Zurhaar,NTH,FWD,,605000,605000,59.4309616888194,59.4309616888194
998529,Ivan Soldo,PTA,RUC/FWD,,555000,555000,54.5193119624707,54.5193119624707
998647,Mason Cox,FRE,RUC/FWD,,497000,497000,48.8217982799062,48.8217982799062
998659,Luke Ryan,FRE,DEF,,859000,859000,84.3821422986708,84.3821422986708
999321,Michael Frederick,FRE,FWD,,617000,617000,60.6097576231431,60.6097576231431
999331,Darcy Fogarty,ADE,FWD,,622000,622000,61.100922595778,61.100922595778
999391,Tom Sparrow,MEL,FWD,,641000,641000,62.9673494917905,62.9673494917905
999827,Zac Fisher,NTH,FWD,,787000,787000,77.3093666927287,77.3093666927287
1000061,Callum Coleman-Jones,NTH,RUC,,230000,230000,22.5935887412041,22.5935887412041
1000223,Liam Baker,WCE,DEF,,833000,833000,81.8280844409695,81.8280844409695
1000932,Tom Doedee,BRL,DEF,,360000,360000,35.3638780297107,35.3638780297107
1000972,Willem Drew,PTA,MID,,788000,788000,77.4075996872557,77.4075996872557
1001017,Nick Larkey,NTH,FWD,,615000,615000,60.4132916340891,60.4132916340891
1001024,Ned Reeves,HAW,RUC,,482000,482000,47.3483033620016,47.3483033620016
1001026,Jordan Ridley,ESS,DEF,,663000,663000,65.1284753713839,65.1284753713839
1001195,Izak Rankine,ADE,MID/FWD,,915000,915000,89.8831899921814,89.8831899921814
1001299,Connor Rozee,PTA,DEF/MID,,1092000,1092000,107.270430023456,107.270430023456
1001396,Isaac Cumming,ADE,MID,,644000,644000,63.2620484753714,63.2620484753714
1001438,Bayley Fritsch,MEL,FWD,,665000,665000,65.3249413604379,65.3249413604379
1002138,Toby Pink,NTH,DEF,,496000,496000,48.7235652853792,48.7235652853792
1002143,Ben McKay,ESS,DEF,,409000,409000,40.1772947615325,40.1772947615325
1002220,Esava Ratugolea,PTA,DEF,,516000,516000,50.6882251759187,50.6882251759187
1002232,Andrew Brayshaw,FRE,MID,,1060000,1060000,104.126974198593,104.126974198593
1002239,Adam Cerra,CAR,MID,,997000,997000,97.9382955433933,97.9382955433933
1002245,Noah Balta,RIC,DEF/FWD,,553000,553000,54.3228459734167,54.3228459734167
1002251,Brent Daniels,GWS,FWD,,793000,793000,77.8987646598906,77.8987646598906
1002253,Kane Farrell,PTA,DEF,,818000,818000,80.3545895230649,80.3545895230649
1002256,Paddy Dow,STK,MID,,465000,465000,45.678342455043,45.678342455043
1002264,Hunter Clark,STK,MID,,644000,644000,63.2620484753714,63.2620484753714
1002267,Luke Davies-Uniacke,NTH,MID,,920000,920000,90.3743549648163,90.3743549648163
1002282,Charlie Spargo,NTH,FWD,,422000,422000,41.4543236903831,41.4543236903831
1002347,Jack Payne,BRL,DEF,,569000,569000,55.8945738858483,55.8945738858483
1002401,Brandon Starcevich,WCE,DEF,,479000,479000,47.0536043784207,47.0536043784207
1002403,Ben Miller,RIC,DEF,,607000,607000,59.6274276778733,59.6274276778733
1002795,Jordan Boyd,CAR,DEF,,485000,485000,47.6430023455825,47.6430023455825
1002947,Paul Curtis,NTH,FWD,,745000,745000,73.1835809225958,73.1835809225958
1003203,Hayden McLean,SYD,FWD,,548000,548000,53.8316810007819,53.8316810007819
1003520,Darragh Joyce,BRL,DEF,,352000,352000,34.5780140734949,34.5780140734949
1004034,Brandon Zerk-Thatcher,PTA,DEF,,496000,496000,48.7235652853792,48.7235652853792
1004095,Jack Lukosius,PTA,FWD,,585000,585000,57.4663017982799,57.4663017982799
1004530,Jacob Wehr,PTA,DEF/MID,,548000,548000,53.8316810007819,53.8316810007819
1004848,Dylan Stephens,NTH,MID,,670000,670000,65.8161063330727,65.8161063330727
1004863,Mitchell Hinge,ADE,DEF,,704000,704000,69.1560281469899,69.1560281469899
1004965,Tristan Xerri,NTH,RUC,,1101000,1101000,108.154526974199,108.154526974199
1004995,Jordon Butts,ADE,DEF,,276000,276000,27.1123064894449,27.1123064894449
1004998,Todd Marshall,PTA,FWD,,394000,394000,38.7037998436278,38.7037998436278
1005000,Laitham Vandermeer,WBD,FWD,,455000,455000,44.6960125097733,44.6960125097733
1005053,Noah Answerth,BRL,DEF,,608000,608000,59.7256606724003,59.7256606724003
1005152,Oscar Berry,MEL,DEF,,230000,230000,22.5935887412041,22.5935887412041
1005199,Elliott Himmelberg,GCS,FWD,,374000,374000,36.7391399530884,36.7391399530884
1005247,Sam Taylor,GWS,DEF,,649000,649000,63.7532134480063,63.7532134480063
1005326,Jackson Mead,PTA,MID,,538000,538000,52.8493510555121,52.8493510555121
1005330,Kade Chandler,MEL,FWD,,720000,720000,70.7277560594214,70.7277560594214
1005577,Sam Draper,BRL,RUC/FWD,,731000,731000,71.8083189992182,71.8083189992182
1005717,Nick Coffield,WBD,DEF,,473000,473000,46.4642064112588,46.4642064112588
1005972,Milan Murdock,WCE,MID,,230000,230000,22.5935887412041,22.5935887412041
1005988,Liam Henry,STK,FWD,,529000,529000,51.9652541047694,51.9652541047694
1006013,James Peatling,ADE,MID,,815000,815000,80.059890539484,80.059890539484
1006058,Bailey Scott,NTH,MID,,469000,469000,46.0712744331509,46.0712744331509
1006087,Caleb Graham,GCS,DEF,,238000,238000,23.3794526974199,23.3794526974199
1006096,Xavier Duursma,ESS,MID,,826000,826000,81.1404534792807,81.1404534792807
1006103,Jye Caldwell,ESS,MID,,1087000,1087000,106.779265050821,106.779265050821
1006114,Bailey J. Williams,WCE,RUC/FWD,,552000,552000,54.2246129788898,54.2246129788898
1006121,Zak Butters,PTA,MID,,1047000,1047000,102.849945269742,102.849945269742
1006133,Jack Ross,RIC,MID/FWD,,767000,767000,75.3447068021892,75.3447068021892
1006136,Lachlan Sholl,ADE,MID,,761000,761000,74.7553088350274,74.7553088350274
1006143,Max King,STK,FWD,,378000,378000,37.1320719311963,37.1320719311963
1006148,Bobby Hill,COL,FWD,,483000,483000,47.4465363565285,47.4465363565285
1006152,Jordan Clark,FRE,DEF,,946000,946000,92.9284128225176,92.9284128225176
1006203,Chayce Jones,ADE,MID,,533000,533000,52.3581860828773,52.3581860828773
1006533,Riley Garcia,WBD,MID/FWD,,620000,620000,60.904456606724,60.904456606724
1007053,Billy Cootee,SYD,MID,,230000,230000,22.5935887412041,22.5935887412041
1007099,Harry Sharp,MEL,FWD,,321000,321000,31.5327912431587,31.5327912431587
1008139,Toby Bedford,GWS,MID/FWD,,589000,589000,57.8592337763878,57.8592337763878
1008154,Matthew Cottrell,CAR,MID/FWD,,611000,611000,60.0203596559812,60.0203596559812
1008183,Jack Henderson,MEL,FWD,,369000,369000,36.2479749804535,36.2479749804535
1008230,Nick Murray,ADE,DEF,,395000,395000,38.8020328381548,38.8020328381548
1008239,Joe Richards,PTA,FWD,,685000,685000,67.2896012509773,67.2896012509773
1008312,Liam Stocker,STK,DEF,,491000,491000,48.2324003127443,48.2324003127443
1008384,Riley Thilthorpe,ADE,FWD,,870000,870000,85.4627052384676,85.4627052384676
1008478,Rhyan Mansell,RIC,FWD,,613000,613000,60.2168256450352,60.2168256450352
1008510,Corey Durdin,PTA,FWD,,425000,425000,41.749022673964,41.749022673964
1008541,Kysaiah Pickett,MEL,MID/FWD,,915000,915000,89.8831899921814,89.8831899921814
1008543,Harry Schoenberg,WCE,MID,,320000,320000,31.4345582486317,31.4345582486317
1008550,Will Day,HAW,MID,,802000,802000,78.7828616106333,78.7828616106333
1008649,Mani Liddy,PTA,MID,,597000,597000,58.6450977326036,58.6450977326036
1008691,Leek Aleer,GWS,DEF,,381000,381000,37.4267709147772,37.4267709147772
1008747,Mykelti Lefau,RIC,FWD,,342000,342000,33.5956841282252,33.5956841282252
1008805,Luke Beecken,BRL,MID,,230000,230000,22.5935887412041,22.5935887412041
1008882,Charlie Ballard,GCS,DEF,,384000,384000,37.7214698983581,37.7214698983581
1008893,Harrison Petty,MEL,FWD,,505000,505000,49.607662236122,49.607662236122
1009015,Lachlan McNeil,WBD,FWD,,445000,445000,43.7136825645035,43.7136825645035
1009029,James Borlase,ADE,DEF,,379000,379000,37.2303049257232,37.2303049257232
1009191,Miles Bergman,PTA,DEF,,822000,822000,80.7475215011728,80.7475215011728
1009208,Matt Rowell,GCS,MID,,1062000,1062000,104.323440187647,104.323440187647
1009256,Hayden Young,FRE,MID,,916000,916000,89.9814229867084,89.9814229867084
1009301,Jamarra Ugle-Hagan,GCS,FWD,,458000,458000,44.9907114933542,44.9907114933542
1009378,Trent Rivers,MEL,DEF,,865000,865000,84.9715402658327,84.9715402658327
1009380,Jeremy Sharp,FRE,MID,,505000,505000,49.607662236122,49.607662236122
1009385,Deven Robertson,WCE,FWD,,232000,232000,22.790054730258,22.790054730258
1009386,Jaxon Prior,ESS,DEF,,655000,655000,64.3426114151681,64.3426114151681
1009399,Luke Jackson,FRE,RUC,,995000,995000,97.7418295543393,97.7418295543393
1009410,Brandon Walker,FRE,DEF,,439000,439000,43.1242845973417,43.1242845973417
1009420,Caleb Serong,FRE,MID,,970000,970000,95.286004691165,95.286004691165
1009528,Tom Green,GWS,MID,,1023000,1023000,100.492353401095,100.492353401095
1009551,Maurice Rioli,RIC,FWD,,435000,435000,42.7313526192338,42.7313526192338
1010174,Mitch Georgiades,PTA,FWD,,727000,727000,71.4153870211103,71.4153870211103
1011437,Harry Edwards,WCE,DEF,,432000,432000,42.4366536356529,42.4366536356529
1011558,Isaiah Dudley,FRE,FWD,,385000,385000,37.8197028928851,37.8197028928851
1011583,Lachie Jones,PTA,DEF,,452000,452000,44.4013135261923,44.4013135261923
1011640,Jason Horne-Francis,PTA,MID,,862000,862000,84.6768412822518,84.6768412822518
1011659,Tom Powell,NTH,MID,,912000,912000,89.5884910086005,89.5884910086005
1011755,Harrison Jones,ESS,MID/FWD,,523000,523000,51.3758561376075,51.3758561376075
1011771,Flynn Perez,HAW,DEF,,310000,310000,30.452228303362,30.452228303362
1011803,Cody Weightman,WBD,FWD,,449000,449000,44.1066145426114,44.1066145426114
1011839,James Blanck,HAW,DEF,,230000,230000,22.5935887412041,22.5935887412041
1011950,Ben Jepson,GCS,MID,,291000,291000,28.5858014073495,28.5858014073495
1011954,Nick Bryan,ESS,RUC,,614000,614000,60.3150586395622,60.3150586395622
1011981,Josh Worrell,ADE,DEF,,790000,790000,77.6040656763096,77.6040656763096
1011985,Hugo Ralphsmith,RIC,MID,,594000,594000,58.3503987490227,58.3503987490227
1011994,Ryan Byrnes,STK,DEF,,703000,703000,69.0577951524629,69.0577951524629
1012002,Jack Watkins,PTA,MID,,230000,230000,22.5935887412041,22.5935887412041
1012013,Nic Martin,ESS,MID/FWD,,1022000,1022000,100.394120406568,100.394120406568
1012218,Luke Pedlar,ADE,FWD,,435000,435000,42.7313526192338,42.7313526192338
1012386,Samson Ryan,RIC,RUC,,335000,335000,32.9080531665364,32.9080531665364
1012807,Sam Berry,ADE,MID,,655000,655000,64.3426114151681,64.3426114151681
1012817,Zach Reid,ESS,DEF,,791000,791000,77.7022986708366,77.7022986708366
1012819,Josh Treacy,FRE,FWD,,658000,658000,64.637310398749,64.637310398749
1012825,Jake Bowey,MEL,DEF,,907000,907000,89.0973260359656,89.0973260359656
1012826,Bailey Laurie,MEL,FWD,,274000,274000,26.9158405003909,26.9158405003909
1012828,Finlay Macrae,WCE,MID/FWD,,293000,293000,28.7822673964034,28.7822673964034
1012842,Liam McMahon,ESS,FWD,,337000,337000,33.1045191555903,33.1045191555903
1012881,Ollie Lord,PTA,FWD,,308000,308000,30.2557623143081,30.2557623143081
1013133,Braeden Campbell,SYD,FWD,,594000,594000,58.3503987490227,58.3503987490227
1013165,Andy Moniz-Wakefield,MEL,DEF,,384000,384000,37.7214698983581,37.7214698983581
1013197,Sam Banks,RIC,DEF,,831000,831000,81.6316184519156,81.6316184519156
1013220,Nathan O'Driscoll,FRE,MID,,675000,675000,66.3072713057076,66.3072713057076
1013224,Heath Chapman,FRE,DEF,,562000,562000,55.2069429241595,55.2069429241595
1013278,Reef McInnes,COL,DEF,,285000,285000,27.9964034401876,27.9964034401876
1013315,Sandy Brock,WCE,DEF,,462000,462000,45.3836434714621,45.3836434714621
1013462,Jase Burgoyne,PTA,DEF/MID,,778000,778000,76.4252697419859,76.4252697419859
1013511,Tyler Brockman,WCE,FWD,,517000,517000,50.7864581704457,50.7864581704457
1013611,Sam Sturt,FRE,FWD,,355000,355000,34.8727130570758,34.8727130570758
1013973,Matthew Owies,WCE,FWD,,460000,460000,45.1871774824081,45.1871774824081
1013974,Mark Keane,ADE,DEF,,575000,575000,56.4839718530102,56.4839718530102
1015323,Isaac Keeler,STK,FWD,,384000,384000,37.7214698983581,37.7214698983581
1015329,Billy Dowling,ADE,MID/FWD,,522000,522000,51.2776231430805,51.2776231430805
1015332,Harvey Harrison,COL,FWD,,300000,3e+05,29.4698983580923,29.4698983580923
1015370,Max Michalanney,ADE,DEF,,575000,575000,56.4839718530102,56.4839718530102
1015781,Charlie Comben,NTH,DEF,,500000,5e+05,49.1164972634871,49.1164972634871
1015810,Sam Durham,ESS,MID,,822000,822000,80.7475215011728,80.7475215011728
1015827,Nik Cox,ESS,MID,,388000,388000,38.114401876466,38.114401876466
1015862,Conor Stone,GWS,DEF,,485000,485000,47.6430023455825,47.6430023455825
1015873,Archie Perkins,ESS,FWD,,597000,597000,58.6450977326036,58.6450977326036
1015883,Tom Blamires,NTH,MID,,230000,230000,22.5935887412041,22.5935887412041
1015886,Max Heath,MEL,RUC/FWD,,376000,376000,36.9356059421423,36.9356059421423
1015919,Saad El-Hawli,ESS,MID,,450000,450000,44.2048475371384,44.2048475371384
1015929,Luke Cleary,WBD,DEF,,543000,543000,53.340516028147,53.340516028147
1016140,Wade Derksen,CAR,DEF,,230000,230000,22.5935887412041,22.5935887412041
1016189,Henry Smith,BRL,FWD,,335000,335000,32.9080531665364,32.9080531665364
1016825,Matthew Johnson,FRE,MID,,740000,740000,72.6924159499609,72.6924159499609
1017043,Judson Clarke,RIC,FWD,,230000,230000,22.5935887412041,22.5935887412041
1017051,Josh Rachele,ADE,FWD,,655000,655000,64.3426114151681,64.3426114151681
1017059,Josh Gibcus,RIC,DEF,,230000,230000,22.5935887412041,22.5935887412041
1017063,Toby Conway,GEE,RUC,,552000,552000,54.2246129788898,54.2246129788898
1017065,Zac Taylor,ADE,FWD,,429000,429000,42.1419546520719,42.1419546520719
1017078,Josh Sinn,PTA,DEF,,476000,476000,46.7589053948397,46.7589053948397
1017086,Tom Brown,RIC,DEF,,599000,599000,58.8415637216576,58.8415637216576
1017087,Harvey Gallagher,WBD,DEF,,489000,489000,48.0359343236904,48.0359343236904
1017109,Jake Soligo,ADE,MID,,868000,868000,85.2662392494136,85.2662392494136
1017114,Tyler Sonsie,RIC,MID/FWD,,604000,604000,59.3327286942924,59.3327286942924
1017118,Josh Goater,NTH,DEF,,235000,235000,23.0847537138389,23.0847537138389
1017122,Blake Howes,MEL,DEF,,459000,459000,45.0889444878812,45.0889444878812
1017128,Dante Visentini,PTA,RUC,,539000,539000,52.9475840500391,52.9475840500391
1017255,Francis Evans,CAR,FWD,,616000,616000,60.5115246286161,60.5115246286161
1017493,Caleb Lewis,GCS,FWD,,230000,230000,22.5935887412041,22.5935887412041
1017700,Jesse Motlop,CAR,FWD,,533000,533000,52.3581860828773,52.3581860828773
1017703,Judd McVee,FRE,DEF,,571000,571000,56.0910398749023,56.0910398749023
1017718,Rhett Bazzo,WCE,DEF,,449000,449000,44.1066145426114,44.1066145426114
1017720,Jacob van Rooyen,MEL,FWD,,563000,563000,55.3051759186865,55.3051759186865
1017754,Patrick Voss,FRE,FWD,,575000,575000,56.4839718530102,56.4839718530102
1017757,William Edwards,SYD,DEF,,230000,230000,22.5935887412041,22.5935887412041
1017939,Ryley Sanders,WBD,MID/FWD,,694000,694000,68.1736982017201,68.1736982017201
1017959,Lance Collard,STK,FWD,,286000,286000,28.0946364347146,28.0946364347146
1018123,Jake Rogers,GCS,FWD,,362000,362000,35.5603440187647,35.5603440187647
1018323,Thomas Edwards,ESS,FWD,,319000,319000,31.3363252541048,31.3363252541048
1018335,Brayden Cook,ADE,MID/FWD,,344000,344000,33.7921501172791,33.7921501172791
1018424,Corey Warner,SYD,MID/FWD,,519000,519000,50.9829241594996,50.9829241594996
1018433,Tylar Young,WCE,DEF,,558000,558000,54.8140109460516,54.8140109460516
1018987,Jayden Nguyen,ESS,DEF,,314000,314000,30.8451602814699,30.8451602814699
1018992,Lucca Grego,WCE,DEF,,429000,429000,42.1419546520719,42.1419546520719
1018996,Thomas Sims,RIC,FWD,,393000,393000,38.6055668491009,38.6055668491009
1019038,Aaron Cadman,GWS,FWD,,623000,623000,61.1991555903049,61.1991555903049
1019916,Kane McAuliffe,RIC,MID,,656000,656000,64.4408444096951,64.4408444096951
1019938,Logan Evans,PTA,DEF,,518000,518000,50.8846911649726,50.8846911649726
1020057,Harry Barnett,WCE,RUC,,230000,230000,22.5935887412041,22.5935887412041
1020104,Jakob Ryan,COL,DEF,,230000,230000,22.5935887412041,22.5935887412041
1020250,Neil Erasmus,FRE,MID,,596000,596000,58.5468647380766,58.5468647380766
1020371,Jack Williams,WCE,FWD,,485000,485000,47.6430023455825,47.6430023455825
1020594,Jye Amiss,FRE,FWD,,430000,430000,42.2401876465989,42.2401876465989
1020650,Darcy Jones,GWS,FWD,,651000,651000,63.9496794370602,63.9496794370602
1020668,Joshua Draper,FRE,DEF,,330000,330000,32.4168881939015,32.4168881939015
1020670,Elijah Hewett,WCE,MID,,639000,639000,62.7708835027365,62.7708835027365
1020802,Jai Culley,MEL,MID,,514000,514000,50.4917591868647,50.4917591868647
1020877,Flynn Young,CAR,FWD,,450000,450000,44.2048475371384,44.2048475371384
1020881,Oliver Wiltshire,GEE,FWD,,275000,275000,27.0140734949179,27.0140734949179
1020887,Paddy Cross,MEL,FWD,,230000,230000,22.5935887412041,22.5935887412041
1020930,Zac Banch,NTH,FWD,,271000,271000,26.62114151681,26.62114151681
1020950,Toby Murray,ADE,FWD,,230000,230000,22.5935887412041,22.5935887412041
1020959,Daniel Turner,MEL,DEF,,610000,610000,59.9221266614543,59.9221266614543
1020968,Jackson Archer,NTH,DEF,,363000,363000,35.6585770132916,35.6585770132916
1020979,Cooper Harvey,NTH,FWD,,442000,442000,43.4189835809226,43.4189835809226
1021013,Ned Moyle,GCS,RUC,,643000,643000,63.1638154808444,63.1638154808444
1021015,Karl Worner,FRE,DEF,,579000,579000,56.8769038311181,56.8769038311181
1021031,Luke Nankervis,ADE,MID,,616000,616000,60.5115246286161,60.5115246286161
1021108,James Tunstill,BRL,MID,,254000,254000,24.9511806098514,24.9511806098514
1021200,Lachlan McAndrew,ADE,RUC,,286000,286000,28.0946364347146,28.0946364347146
1021353,Lachlan Cowan,CAR,DEF,,665000,665000,65.3249413604379,65.3249413604379
1022371,Tom Cochrane,PTA,FWD,,265000,265000,26.0317435496482,26.0317435496482
1022383,Liam Fawcett,RIC,FWD,,230000,230000,22.5935887412041,22.5935887412041
1022410,William McCabe,HAW,DEF,,230000,230000,22.5935887412041,22.5935887412041
1022447,Tyler Welsh,ADE,FWD,,230000,230000,22.5935887412041,22.5935887412041
1022452,Lucas Camporeale,CAR,MID,,365000,365000,35.8550430023456,35.8550430023456
1022473,Bodie Ryan,HAW,DEF,,230000,230000,22.5935887412041,22.5935887412041
1022486,Jacob Newton,WCE,FWD,,230000,230000,22.5935887412041,22.5935887412041
1022601,Benny Barrett,PTA,MID,,230000,230000,22.5935887412041,22.5935887412041
1022607,Sid Draper,ADE,MID/FWD,,307000,307000,30.1575293197811,30.1575293197811
1022614,Noah Howes,COL,FWD,,230000,230000,22.5935887412041,22.5935887412041
1022677,Latrelle Pickett,MEL,FWD,,306000,306000,30.0592963252541,30.0592963252541
1022844,Oscar Steene,COL,RUC/FWD,,230000,230000,22.5935887412041,22.5935887412041
1022927,Hugh Davies,FRE,DEF,,230000,230000,22.5935887412041,22.5935887412041
1022999,Kaleb Smith,RIC,DEF,,418000,418000,41.0613917122752,41.0613917122752
1023017,Jedd Busslinger,WBD,DEF,,348000,348000,34.185082095387,34.185082095387
1023025,Reuben Ginbey,WCE,DEF,,578000,578000,56.7786708365911,56.7786708365911
1023047,Jaren Carr,FRE,FWD,,230000,230000,22.5935887412041,22.5935887412041
1023056,Steely Green,RIC,FWD,,381000,381000,37.4267709147772,37.4267709147772
1023142,Tyrell Dewar,WCE,DEF/MID,,504000,504000,49.509429241595,49.509429241595
1023144,Robert Hansen Jr,NTH,MID/FWD,,348000,348000,34.185082095387,34.185082095387
1023167,Brady Hough,WCE,DEF/MID,,673000,673000,66.1108053166536,66.1108053166536
1023174,Jed Adams,MEL,DEF,,230000,230000,22.5935887412041,22.5935887412041
1023275,Seth Campbell,RIC,FWD,,613000,613000,60.2168256450352,60.2168256450352
1023477,George Wardlaw,NTH,MID,,713000,713000,70.0401250977326,70.0401250977326
1023482,Cam Mackenzie,HAW,MID,,656000,656000,64.4408444096951,64.4408444096951
1023486,Matthew Jefferson,MEL,FWD,,274000,274000,26.9158405003909,26.9158405003909
1023487,Lewis Hayes,ESS,DEF,,398000,398000,39.0967318217357,39.0967318217357
1023489,Hudson O'Keeffe,CAR,FWD,,342000,342000,33.5956841282252,33.5956841282252
1023492,Harley Reid,WCE,MID,,700000,7e+05,68.763096168882,68.763096168882
1023494,Zane Duursma,NTH,DEF/FWD,,325000,325000,31.9257232212666,31.9257232212666
1023496,Noah Long,WCE,FWD,,359000,359000,35.2656450351837,35.2656450351837
1023515,Archie Roberts,ESS,DEF,,901000,901000,88.5079280688038,88.5079280688038
1023518,Harry Sheezel,NTH,MID/FWD,,1145000,1145000,112.476778733385,112.476778733385
1023530,Jacob Konstanty,NTH,FWD,,457000,457000,44.8924784988272,44.8924784988272
1023534,Hugh Bond,ADE,DEF,,313000,313000,30.7469272869429,30.7469272869429
1023544,Brayden George,NTH,FWD,,230000,230000,22.5935887412041,22.5935887412041
1023625,Riley Hardeman,NTH,DEF,,504000,504000,49.509429241595,49.509429241595
1023640,Koltyn Tholstrup,MEL,FWD,,555000,555000,54.5193119624707,54.5193119624707
1023680,Henry Hustwaite,HAW,MID,,443000,443000,43.5172165754496,43.5172165754496
1023681,George Stevens,GEE,MID,,419000,419000,41.1596247068022,41.1596247068022
1023736,Jed Walter,GCS,FWD,,397000,397000,38.9984988272088,38.9984988272088
1023743,Nicholas Madden,GWS,RUC,,525000,525000,51.5723221266615,51.5723221266615
1023744,Angus Anderson,COL,MID,,230000,230000,22.5935887412041,22.5935887412041
1023785,Elijah Tsatas,ESS,MID,,444000,444000,43.6154495699766,43.6154495699766
1024023,Daniel Curtin,ADE,MID,,684000,684000,67.1913682564504,67.1913682564504
1024057,Caiden Cleary,SYD,FWD,,495000,495000,48.6253322908522,48.6253322908522
1024173,Aidan Johnson,MEL,FWD,,275000,275000,27.0140734949179,27.0140734949179
1024187,Reece Torrent,BRL,MID,,230000,230000,22.5935887412041,22.5935887412041
1024188,Clay Hall,WCE,MID,,577000,577000,56.6804378420641,56.6804378420641
1024272,Colby McKercher,NTH,DEF,,823000,823000,80.8457544956998,80.8457544956998
1024304,Mitchell Edwards,GEE,RUC,,230000,230000,22.5935887412041,22.5935887412041
1024337,Luker Kentfield,MEL,FWD,,230000,230000,22.5935887412041,22.5935887412041
1024685,Patrick Snell,SYD,DEF/FWD,,230000,230000,22.5935887412041,22.5935887412041
1026974,Noah Roberts-Thomson,RIC,MID,,230000,230000,22.5935887412041,22.5935887412041
1026983,Harley Barker,GEE,MID,,258000,258000,25.3441125879593,25.3441125879593
1027006,Jacob Molier,GEE,RUC,,230000,230000,22.5935887412041,22.5935887412041
1027011,Alex Dodson,STK,FWD,,230000,230000,22.5935887412041,22.5935887412041
1027099,Samuel Cumming,RIC,MID,,326000,326000,32.0239562157936,32.0239562157936
1027145,Matthew LeRay,HAW,MID,,230000,230000,22.5935887412041,22.5935887412041
1027155,Charlie Nicholls,FRE,FWD,,230000,230000,22.5935887412041,22.5935887412041
1027168,Dyson Sharp,ESS,MID,,302000,302000,29.6663643471462,29.6663643471462
1027282,Ben Camporeale,CAR,MID,,230000,230000,22.5935887412041,22.5935887412041
1027284,Angus Clarke,ESS,DEF/MID,,653000,653000,64.1461454261142,64.1461454261142
1027311,Harrison Ramm,PTA,DEF,,268000,268000,26.3264425332291,26.3264425332291
1027367,Zane Peucker,RIC,MID/FWD,,230000,230000,22.5935887412041,22.5935887412041
1027382,Charlie West,COL,FWD,,230000,230000,22.5935887412041,22.5935887412041
1027406,Ned Bowman,SYD,FWD,,230000,230000,22.5935887412041,22.5935887412041
1027428,Jay Polkinghorne,GEE,FWD,,230000,230000,22.5935887412041,22.5935887412041
1027656,Cooper Simpson,FRE,DEF,,340000,340000,33.3992181391712,33.3992181391712
1027659,Riak Andrew,SYD,DEF,,230000,230000,22.5935887412041,22.5935887412041
1027673,Harry DeMattia,COL,MID,,230000,230000,22.5935887412041,22.5935887412041
1027678,Billy Wilson,CAR,DEF,,421000,421000,41.3560906958561,41.3560906958561
1027687,Tom Hanily,SYD,FWD,,327000,327000,32.1221892103206,32.1221892103206
1027693,Archer Reid,WCE,FWD,,375000,375000,36.8373729476153,36.8373729476153
1027701,Max Knobel,GCS,RUC,,230000,230000,22.5935887412041,22.5935887412041
1027702,Lachlan Smith,WBD,RUC,,230000,230000,22.5935887412041,22.5935887412041
1027821,Caleb Windsor,MEL,DEF,,565000,565000,55.5016419077404,55.5016419077404
1027834,Iliro Smit,COL,RUC,,230000,230000,22.5935887412041,22.5935887412041
1027844,Tobyn Murray,FRE,FWD,,230000,230000,22.5935887412041,22.5935887412041
1027854,Joe Pike,GEE,RUC,,230000,230000,22.5935887412041,22.5935887412041
1027870,Tom Anastasopoulos,PTA,FWD,,230000,230000,22.5935887412041,22.5935887412041
1027872,Angus Hastie,STK,DEF,,379000,379000,37.2303049257232,37.2303049257232
1027887,Ewan Mackinlay,PTA,MID,,574000,574000,56.3857388584832,56.3857388584832
1027893,Oscar Ryan,ADE,DEF,,230000,230000,22.5935887412041,22.5935887412041
1027899,Nate Caddy,ESS,FWD,,562000,562000,55.2069429241595,55.2069429241595
1027901,William Green,SYD,RUC,,230000,230000,22.5935887412041,22.5935887412041
1027964,Matthew Carroll,CAR,DEF,,519000,519000,50.9829241594996,50.9829241594996
1027965,Max Ramsden,HAW,FWD,,458000,458000,44.9907114933542,44.9907114933542
1027966,Vigo Visentini,ESS,RUC,,395000,395000,38.8020328381548,38.8020328381548
1027969,Harvey Johnston,WCE,DEF,,230000,230000,22.5935887412041,22.5935887412041
1027971,Toby McMullin,GWS,MID,,443000,443000,43.5172165754496,43.5172165754496
1027985,Luke Lloyd,BRL,FWD,,230000,230000,22.5935887412041,22.5935887412041
1027990,Ollie Murphy,FRE,DEF,,230000,230000,22.5935887412041,22.5935887412041
1028105,Shadeau Brain,BRL,DEF,,275000,275000,27.0140734949179,27.0140734949179
1028196,Lachlan Blakiston,ESS,DEF,,399000,399000,39.1949648162627,39.1949648162627
1028228,Aiden Riddle,FRE,RUC,,230000,230000,22.5935887412041,22.5935887412041
1028449,Bo Allan,WCE,DEF,,246000,246000,24.1653166536357,24.1653166536357
1028485,Oliver Hannaford,GWS,MID/FWD,,230000,230000,22.5935887412041,22.5935887412041
1028491,Sam Lalor,RIC,FWD,,567000,567000,55.6981078967944,55.6981078967944
1028495,Finn O'Sullivan,NTH,DEF/MID,,564000,564000,55.4034089132135,55.4034089132135
1028496,Harry Charleson,CAR,DEF/MID,,230000,230000,22.5935887412041,22.5935887412041
1028498,Jonty Faull,RIC,FWD,,370000,370000,36.3462079749805,36.3462079749805
1028513,Murphy Reid,FRE,FWD,,581000,581000,57.073369820172,57.073369820172
1028514,Patrick Said,STK,MID/FWD,,230000,230000,22.5935887412041,22.5935887412041
1028519,Zak Johnson,ESS,DEF,,513000,513000,50.3935261923378,50.3935261923378
1028520,Sam Marshall,BRL,MID,,439000,439000,43.1242845973417,43.1242845973417
1028521,Luke Trainor,RIC,DEF,,576000,576000,56.5822048475372,56.5822048475372
1028525,Harry Armstrong,RIC,FWD,,319000,319000,31.3363252541048,31.3363252541048
1028526,Harry O'Farrell,CAR,DEF,,434000,434000,42.6331196247068,42.6331196247068
1028529,Joe Berry,PTA,FWD,,415000,415000,40.7666927286943,40.7666927286943
1028531,Xavier Lindsay,MEL,MID,,550000,550000,54.0281469898358,54.0281469898358
1028537,Jasper Alger,RIC,FWD,,230000,230000,22.5935887412041,22.5935887412041
1028538,Tobie Travaglia,STK,DEF/MID,,479000,479000,47.0536043784207,47.0536043784207
1028539,Jack Ough,GWS,MID,,230000,230000,22.5935887412041,22.5935887412041
1028541,Asher Eastham,GCS,FWD,,230000,230000,22.5935887412041,22.5935887412041
1028545,James Barrat,STK,DEF/FWD,,230000,230000,22.5935887412041,22.5935887412041
1028546,Harvey Langford,MEL,MID,,658000,658000,64.637310398749,64.637310398749
1028547,Matt Whitlock,NTH,DEF/FWD,,230000,230000,22.5935887412041,22.5935887412041
1028551,Wil Dawson,NTH,DEF,,380000,380000,37.3285379202502,37.3285379202502
1028554,Isaac Kako,ESS,FWD,,493000,493000,48.4288663017983,48.4288663017983
1028561,Tom Gross,WCE,MID/FWD,,344000,344000,33.7921501172791,33.7921501172791
1028562,Harrison Oliver,GWS,DEF,,230000,230000,22.5935887412041,22.5935887412041
1028563,Christian Moraes,PTA,MID,,497000,497000,48.8217982799062,48.8217982799062
1028566,Cody Anderson,HAW,MID,,230000,230000,22.5935887412041,22.5935887412041
1028572,Josh Smillie,RIC,MID,,230000,230000,22.5935887412041,22.5935887412041
1028643,Noah Mraz,HAW,DEF,,230000,230000,22.5935887412041,22.5935887412041
1028671,Charlie Edwards,ADE,DEF/MID,,230000,230000,22.5935887412041,22.5935887412041
1028725,Cooper Duff-Tytler,WCE,RUC/FWD,,338000,338000,33.2027521501173,33.2027521501173
1029000,Joel Cochran,COL,DEF,,230000,230000,22.5935887412041,22.5935887412041
1029015,Max King,SYD,FWD,,230000,230000,22.5935887412041,22.5935887412041
1029046,Riley Hamilton,GWS,MID/FWD,,230000,230000,22.5935887412041,22.5935887412041
1029065,Cooper Bell,GCS,DEF/FWD,,230000,230000,22.5935887412041,22.5935887412041
1029084,Archer May,ESS,FWD,,490000,490000,48.1341673182174,48.1341673182174
1029136,Malakai Champion,WCE,FWD,,230000,230000,22.5935887412041,22.5935887412041
1029158,Xavier Walsh,PTA,FWD,,230000,230000,22.5935887412041,22.5935887412041
1029159,Kayle Gerreyn,ESS,RUC,,230000,230000,22.5935887412041,22.5935887412041
1029211,Ricky Mentha,MEL,DEF/FWD,,230000,230000,22.5935887412041,22.5935887412041
1029261,Bailey Macdonald,HAW,DEF,,230000,230000,22.5935887412041,22.5935887412041
1029262,Will Lorenz,PTA,MID,,437000,437000,42.9278186082877,42.9278186082877
1029265,Archer Day-Wicks,ESS,FWD,,294000,294000,28.8805003909304,28.8805003909304
1029281,Luke Urquhart,NTH,MID,,230000,230000,22.5935887412041,22.5935887412041
1029304,Lachlan Gulbin,GCS,FWD,,383000,383000,37.6232369038311,37.6232369038311
1029307,Jai Murray,GCS,MID,,286000,286000,28.0946364347146,28.0946364347146
1029326,Daniel Annable,BRL,MID,,330000,330000,32.4168881939015,32.4168881939015
1029405,Will McLachlan,BRL,FWD,,230000,230000,22.5935887412041,22.5935887412041
1029416,Ryan Maric,WCE,DEF,,789000,789000,77.5058326817827,77.5058326817827
1029589,Jesse Dattoli,SYD,FWD,,273000,273000,26.817607505864,26.817607505864
1029603,Mitch Zadow,PTA,FWD,,230000,230000,22.5935887412041,22.5935887412041
1030308,Hussien El Achkar,ESS,FWD,,230000,230000,22.5935887412041,22.5935887412041
1030311,Adam Sweid,FRE,MID,,254000,254000,24.9511806098514,24.9511806098514
1030438,Avery Thomas,GCS,DEF,,242000,242000,23.7723846755278,23.7723846755278
1030442,Zac McCarthy,COL,RUC/FWD,,230000,230000,22.5935887412041,22.5935887412041
1031492,Aidan Schubert,HAW,RUC/FWD,,262000,262000,25.7370445660672,25.7370445660672
1031506,Taylor Goad,NTH,RUC,,230000,230000,22.5935887412041,22.5935887412041
1031718,Blake Thredgold,NTH,DEF,,250000,250000,24.5582486317436,24.5582486317436
1031747,Mitchell Marsh,ADE,FWD,,266000,266000,26.1299765441751,26.1299765441751
1031792,Finnbar Maley,ADE,FWD,,341000,341000,33.4974511336982,33.4974511336982
1031829,James Trezise,RIC,MID,,487000,487000,47.8394683346364,47.8394683346364
1031913,Jobe Shanahan,WCE,FWD,,487000,487000,47.8394683346364,47.8394683346364
1031988,Cooper Trembath,NTH,FWD,,500000,5e+05,49.1164972634871,49.1164972634871
1031989,River Stevens,NTH,MID/FWD,,230000,230000,22.5935887412041,22.5935887412041
1032017,Tew Jiath,COL,DEF,,230000,230000,22.5935887412041,22.5935887412041
1032023,Rhys Unwin,ESS,FWD,,238000,238000,23.3794526974199,23.3794526974199
1032053,Jack Whitlock,PTA,FWD,,368000,368000,36.1497419859265,36.1497419859265
1032081,Patrick Retschko,RIC,MID,,230000,230000,22.5935887412041,22.5935887412041
1032100,Calsher Dear,HAW,FWD,,427000,427000,41.945488663018,41.945488663018
1032106,Taj Hotton,RIC,FWD,,485000,485000,47.6430023455825,47.6430023455825
1032112,Luke Kennedy,WBD,MID,,230000,230000,22.5935887412041,22.5935887412041
1032114,Lennox Hofmann,GEE,DEF,,230000,230000,22.5935887412041,22.5935887412041
1032119,James Leake,GWS,DEF/FWD,,262000,262000,25.7370445660672,25.7370445660672
1032141,Keighton Matofai-Forbes,GEE,DEF/FWD,,230000,230000,22.5935887412041,22.5935887412041
1032161,Logan Smith,GWS,RUC,,230000,230000,22.5935887412041,22.5935887412041
1032329,Balyn O'Brien,PTA,DEF,,230000,230000,22.5935887412041,22.5935887412041
1032354,Jevan Phillipou,SYD,MID,,230000,230000,22.5935887412041,22.5935887412041
1032398,Beau Addinsall,GCS,MID,,282000,282000,27.7017044566067,27.7017044566067
1032408,Cameron Nairn,HAW,MID/FWD,,274000,274000,26.9158405003909,26.9158405003909
1032619,Cody Angove,GWS,FWD,,361000,361000,35.4621110242377,35.4621110242377
1032624,Hamish Davis,WCE,MID,,424000,424000,41.6507896794371,41.6507896794371
1032862,Leon Kickett,FRE,MID/FWD,,230000,230000,22.5935887412041,22.5935887412041
1032922,William Hayes,COL,FWD,,359000,359000,35.2656450351837,35.2656450351837
1033013,Noah Chamberlain,SYD,FWD,,230000,230000,22.5935887412041,22.5935887412041
1033039,Nicholas Driscoll,GEE,MID,,230000,230000,22.5935887412041,22.5935887412041
1033042,Jack Dalton,HAW,MID,,230000,230000,22.5935887412041,22.5935887412041
1033048,Kye Fincher,STK,DEF/MID,,230000,230000,22.5935887412041,22.5935887412041
1033053,Archie Ludowyke,ADE,FWD,,230000,230000,22.5935887412041,22.5935887412041
1033059,Thomas Burton,RIC,MID,,230000,230000,22.5935887412041,22.5935887412041
1033060,Lachy Dovaston,NTH,FWD,,290000,290000,28.4875684128225,28.4875684128225
1033063,Sam Allen,WCE,MID/FWD,,238000,238000,23.3794526974199,23.3794526974199
1033066,Jack Ison,CAR,MID,,230000,230000,22.5935887412041,22.5935887412041
1033070,Finnegan Davis,GWS,DEF,,230000,230000,22.5935887412041,22.5935887412041
1033071,Oliver Greeves,HAW,MID,,230000,230000,22.5935887412041,22.5935887412041
1033072,Xavier Taylor,MEL,DEF,,310000,310000,30.452228303362,30.452228303362
1033076,Louis Emmett,WBD,RUC,,246000,246000,24.1653166536357,24.1653166536357
1033078,Josh Lindsay,WCE,DEF,,278000,278000,27.3087724784988,27.3087724784988
1033087,Jesse Mellor,GEE,FWD,,230000,230000,22.5935887412041,22.5935887412041
1033093,Riley Onley,MEL,MID,,230000,230000,22.5935887412041,22.5935887412041
1033115,Willem Duursma,WCE,MID,,350000,350000,34.381548084441,34.381548084441
1033555,Koby Coulson,GCS,MID,,230000,230000,22.5935887412041,22.5935887412041
1033568,Dylan Patterson,GCS,DEF,,334000,334000,32.8098201720094,32.8098201720094
1033572,Kalani White,MEL,RUC/FWD,,230000,230000,22.5935887412041,22.5935887412041
1033612,Liam Hetherton,SYD,FWD,,230000,230000,22.5935887412041,22.5935887412041
1033626,Lachlan Carmichael,WBD,DEF/MID,,270000,270000,26.522908522283,26.522908522283
1033704,Fred Rodriguez,WCE,FWD,,230000,230000,22.5935887412041,22.5935887412041
1033719,Toby Whan,FRE,MID,,230000,230000,22.5935887412041,22.5935887412041
1033835,Jai Saxena,COL,FWD,,230000,230000,22.5935887412041,22.5935887412041
1034066,Nathan Wardius,GWS,FWD,,230000,230000,22.5935887412041,22.5935887412041
1034214,Thomas Matthews,MEL,FWD,,234000,234000,22.986520719312,22.986520719312
1034235,Josh Dolan,WBD,FWD,,288000,288000,28.2911024237686,28.2911024237686
1034305,Jacob Farrow,ESS,DEF/MID,,314000,314000,30.8451602814699,30.8451602814699
1035129,Rob Monahan,CAR,FWD,,230000,230000,22.5935887412041,22.5935887412041
1035198,Liam O'Connell,STK,DEF,,333000,333000,32.7115871774824,32.7115871774824
1035199,Oliver Hayes-Brown,RIC,RUC,,230000,230000,22.5935887412041,22.5935887412041
1036098,Jack Hutchinson,WCE,MID,,614000,614000,60.3150586395622,60.3150586395622
1036103,Campbell Gray,RIC,DEF,,370000,370000,36.3462079749805,36.3462079749805
1036104,Will Lewis,WBD,FWD,,230000,230000,22.5935887412041,22.5935887412041
1036124,Tom McCarthy,WCE,DEF,,876000,876000,86.0521032056294,86.0521032056294
1036379,Oskar Taylor,GWS,DEF,,294000,294000,28.8805003909304,28.8805003909304
1036403,Hugo Mikunda,NTH,MID/FWD,,230000,230000,22.5935887412041,22.5935887412041
1036426,Talor Byrne,CAR,MID/FWD,,230000,230000,22.5935887412041,22.5935887412041
1036579,Samuel Grlj,RIC,DEF/MID,,322000,322000,31.6310242376857,31.6310242376857
1036584,Max Kondogiannis,ESS,DEF,,230000,230000,22.5935887412041,22.5935887412041
1036769,Charlie Banfield,STK,MID/FWD,,230000,230000,22.5935887412041,22.5935887412041
1036780,Cody Curtin,BRL,FWD,,230000,230000,22.5935887412041,22.5935887412041
1037004,Tylah Williams,WCE,MID/FWD,,230000,230000,22.5935887412041,22.5935887412041
1037021,Sam Swadling,COL,MID,,230000,230000,22.5935887412041,22.5935887412041
1037376,Koby Evans,BRL,MID,,230000,230000,22.5935887412041,22.5935887412041
1037405,Harry Kyle,SYD,DEF/MID,,298000,298000,29.2734323690383,29.2734323690383
1037928,Ryda Luke,FRE,FWD,,230000,230000,22.5935887412041,22.5935887412041
1038801,Zak Evans,GCS,MID,,230000,230000,22.5935887412041,22.5935887412041
1038914,Jacob Moss,PTA,DEF,,230000,230000,22.5935887412041,22.5935887412041
1038922,Hunter Holmes,GEE,MID,,230000,230000,22.5935887412041,22.5935887412041
1039499,Jaime Uhr-Henry,HAW,RUC,,230000,230000,22.5935887412041,22.5935887412041
1039500,Matt Hill,HAW,DEF,,230000,230000,22.5935887412041,22.5935887412041
1039509,Cillian Burke,GEE,DEF,,230000,230000,22.5935887412041,22.5935887412041
1039720,Matt Duffy,CAR,DEF,,230000,230000,22.5935887412041,22.5935887412041
1039730,Eamonn Armstrong,STK,DEF,,230000,230000,22.5935887412041,22.5935887412041
1040300,Josh Lai,PTA,MID,,230000,230000,22.5935887412041,22.5935887412041
1040573,Christopher Scerri,FRE,MID/FWD,,230000,230000,22.5935887412041,22.5935887412041
1040584,Tai Hayes,BRL,MID/FWD,,230000,230000,22.5935887412041,22.5935887412041
1041619,Zac Walker,WBD,DEF,,230000,230000,22.5935887412041,22.5935887412041
1042013,Tyan Prindable,COL,MID,,230000,230000,22.5935887412041,22.5935887412041
1042728,Will Darcy,WBD,DEF/FWD,,230000,230000,22.5935887412041,22.5935887412041
1043261,Sullivan Robey,ESS,MID/FWD,,318000,318000,31.2380922595778,31.2380922595778
1044339,Cillian Bourke,ESS,DEF,,230000,230000,22.5935887412041,22.5935887412041
1044595,Indy Cotton,ADE,FWD,,230000,230000,22.5935887412041,22.5935887412041
1044596,Ben Murphy,BRL,DEF,,230000,230000,22.5935887412041,22.5935887412041
1044597,Kobe McDonald,STK,DEF,,230000,230000,22.5935887412041,22.5935887412041
